id,group,first_name,email,age,signup_date
1,"",Dean,,54,9/22/2026
2,green,Rachelle,rsabbins1@qq.com,53,9/15/2026
3,blue,Jim,jskypp2@alibaba.com,72,6/10/2026
4,yellow,Genia,gdelos3@wikia.com,22,4/3/2026
5,blue,Ashla,ascay4@1688.com,28,5/26/2026
6,yellow,Marysa,mdunkerton5@tamu.edu,76,12/13/2025
7,red,Bil,bknightly6@about.me,75,2/17/2026
8,"",Miltie,mcharlo7@yolasite.com,55,7/2/2026
9,yellow,Gun,gbrinklow8@biglobe.ne.jp,70,10/16/2025
10,blue,,cpearce9@wordpress.com,61,4/25/2026
11,blue,Sada,shallowella@google.de,24,5/30/2026
12,green,Bryant,bobrianb@indiegogo.com,53,4/29/2026
13,yellow,Tim,tmetrickc@trellian.com,50,9/16/2026
14,yellow,Erroll,ekarpeevd@elpais.com,25,10/24/2025
15,yellow,Reine,rduckhame@51.la,43,12/19/2025
16,green,Anabal,aodegaardf@t-online.de,47,6/25/2026
17,red,Pierson,pbrosiog@linkedin.com,52,6/21/2026
18,red,Kalila,kduntonh@zimbio.com,65,9/19/2026
19,blue,Agata,ashrimptoni@prlog.org,38,8/16/2026
20,blue,Orson,otidmasj@indiatimes.com,63,4/19/2026
21,blue,Britni,bquenbyk@mayoclinic.com,77,11/3/2025
22,green,Gottfried,gboynl@artisteer.com,21,5/23/2026
23,green,Dionne,dklementzm@psu.edu,50,1/8/2026
24,yellow,Amargo,apooren@ifeng.com,24,10/17/2025
25,,Shandee,sbrocktono@theglobeandmail.com,23,11/27/2025
26,red,Layney,lslemmingp@trellian.com,18,10/24/2025
27,blue,Noel,nrogerotq@etsy.com,35,8/21/2026
28,yellow,Gwenora,gmillsonr@cbslocal.com,18,9/25/2026
29,blue,Perla,pblowers@chron.com,40,6/7/2026
30,blue,Robyn,rspridgent@answers.com,49,12/26/2025
31,green,,fdowglassu@webnode.com,24,5/25/2026
32,blue,Cart,cmcneillyv@wikia.com,51,11/1/2025
33,yellow,,gjedraszekw@bandcamp.com,48,10/28/2025
34,,,egentlex@addtoany.com,42,8/22/2026
35,yellow,,kcarthyy@edublogs.org,28,3/18/2026
36,yellow,Ema,emontgomeryz@imageshack.us,74,10/20/2025
37,blue,Grange,gskunes10@bizjournals.com,60,2/17/2026
38,blue,,bmaccoveney11@princeton.edu,73,7/13/2026
39,green,Lilllie,lbrando12@salon.com,24,10/20/2025
40,blue,Jasun,jnorval13@si.edu,18,8/2/2026
41,"",,mmaffioni14@amazon.com,20,5/22/2026
42,red,Antonie,acharnock15@washington.edu,46,2/25/2026
43,yellow,Lucy,,24,1/15/2026
44,yellow,Walton,wsaltman17@feedburner.com,59,8/20/2026
45,blue,Clemens,claviss18@hp.com,36,9/5/2026
46,green,Allison,afeares19@shutterfly.com,49,10/14/2025
47,green,Wynny,wjessel1a@economist.com,25,5/24/2026
48,red,Harriett,hstote1b@noaa.gov,35,10/10/2025
49,blue,Carlo,ccota1c@webeden.co.uk,73,6/17/2026
50,"",Gottfried,gollerton1d@sun.com,34,11/19/2025
51,red,Boycie,barkell1e@360.cn,37,7/12/2026
52,red,Ricoriki,rthibodeaux1f@123-reg.co.uk,57,3/2/2026
53,red,Kristo,ksapshed1g@army.mil,54,12/31/2025
54,green,Bradan,bkaes1h@trellian.com,56,7/27/2026
55,blue,Shirlene,sbeesley1i@ezinearticles.com,41,3/10/2026
56,red,Godfree,gvanderhoog1j@studiopress.com,77,1/4/2026
57,"",Lurline,lreily1k@imdb.com,51,7/1/2026
58,,Sileas,,41,8/8/2026
59,"",Adolf,adarrigoe1m@eepurl.com,37,12/25/2025
60,yellow,Corabelle,csandiford1n@washingtonpost.com,73,2/15/2026
61,"",Britt,bborell1o@google.de,35,8/11/2026
62,"",Gabriel,gbarabisch1p@dyndns.org,73,1/8/2026
63,red,Corinna,cmalecky1q@wsj.com,22,9/11/2026
64,red,Jessi,jjessel1r@e-recht24.de,51,9/29/2026
65,green,Osborn,oshevill1s@loc.gov,42,10/19/2025
66,"",Costanza,chauxwell1t@ft.com,44,10/12/2025
67,green,Garvey,gmishaw1u@rakuten.co.jp,66,1/20/2026
68,yellow,,abreem1v@technorati.com,72,1/5/2026
69,green,Wendye,wterrelly1w@de.vu,31,1/20/2026
70,blue,Upton,umanagh1x@sina.com.cn,43,7/12/2026
71,blue,Annelise,abeatens1y@fotki.com,39,9/17/2026
72,green,Salvador,svollam1z@auda.org.au,57,7/1/2026
73,"",Bern,bizachik20@theatlantic.com,20,10/9/2025
74,yellow,Pancho,phurdiss21@deliciousdays.com,33,9/7/2026
75,,Shellie,ssimmonite22@google.ca,40,12/5/2025
76,,Grier,gferreras23@ebay.co.uk,74,4/21/2026
77,yellow,Augustine,abrizland24@purevolume.com,69,11/22/2025
78,blue,Obadiah,ojurisch25@techcrunch.com,32,8/30/2026
79,blue,Fairfax,fpeek26@so-net.ne.jp,36,12/31/2025
80,yellow,Edsel,ecosgriff27@purevolume.com,80,2/13/2026
81,red,,midney28@4shared.com,19,5/14/2026
82,green,Willabella,wvermer29@wikispaces.com,59,6/20/2026
83,yellow,Dill,dhugnot2a@paypal.com,39,11/25/2025
84,"",Micheil,mollis2b@godaddy.com,78,1/4/2026
85,,Barnie,broberti2c@marketwatch.com,23,6/28/2026
86,,Nikolia,ncanizares2d@alibaba.com,67,2/11/2026
87,"",,rmclukie2e@ox.ac.uk,20,7/1/2026
88,yellow,Fifine,fconradsen2f@dyndns.org,52,1/5/2026
89,"",Barclay,bbowman2g@cargocollective.com,77,6/2/2026
90,red,Sara-ann,spescod2h@ed.gov,80,6/22/2026
91,"",Yehudi,yfrapwell2i@biglobe.ne.jp,72,7/31/2026
92,red,Charil,,41,12/26/2025
93,yellow,Brigitta,bbrient2k@eepurl.com,35,2/14/2026
94,"",Base,bolivetta2l@yellowbook.com,28,1/11/2026
95,blue,Patrice,psimonnot2m@yandex.ru,48,2/19/2026
96,,Milka,mdeantoni2n@springer.com,79,8/29/2026
97,green,Myca,meilles2o@ox.ac.uk,37,3/15/2026
98,yellow,Brandy,blayton2p@google.co.uk,52,10/24/2025
99,blue,Winfield,wkarpf2q@blogspot.com,63,9/17/2026
100,yellow,Rosabelle,rtoby2r@wikia.com,25,6/26/2026
101,red,Jonis,jdachs2s@nyu.edu,20,8/31/2026
102,"",Erin,ecrawshay2t@instagram.com,23,12/4/2025
103,yellow,Jude,jstanlack2u@twitter.com,29,2/1/2026
104,blue,Truda,towens2v@wiley.com,69,2/11/2026
105,blue,Marshall,mcartledge2w@feedburner.com,32,3/3/2026
106,blue,Diann,dcarde2x@tripod.com,31,9/8/2026
107,blue,Leonid,lchard2y@msu.edu,46,10/30/2025
108,blue,Ailene,acayser2z@ycombinator.com,58,6/18/2026
109,"",Aubrey,acaddell30@prlog.org,80,4/27/2026
110,"",Virgilio,vbarreau31@nydailynews.com,25,2/27/2026
111,,Hiram,hnegri32@i2i.jp,41,10/27/2025
112,green,Drud,diacobo33@psu.edu,46,4/4/2026
113,green,Eudora,ecoxon34@bravesites.com,74,7/2/2026
114,red,Baird,bdufaire35@webs.com,64,11/18/2025
115,,Weider,wkeast36@loc.gov,65,5/8/2026
116,red,Hansiain,hmash37@examiner.com,76,1/7/2026
117,green,Rhianon,rhalford38@phoca.cz,72,7/21/2026
118,yellow,,dseldner39@trellian.com,77,12/29/2025
119,green,Elsey,esteven3a@netscape.com,58,5/8/2026
120,yellow,Phil,pferrer3b@disqus.com,18,2/6/2026
121,red,Babbette,baspenlon3c@ezinearticles.com,70,12/5/2025
122,"",Emory,ebastick3d@squarespace.com,61,8/13/2026
123,yellow,Alane,aheathcote3e@e-recht24.de,49,1/25/2026
124,red,Kilian,kovendale3f@hhs.gov,77,10/2/2025
125,red,Garnette,ggomme3g@disqus.com,33,3/29/2026
126,yellow,Hedy,hsconce3h@vk.com,21,12/7/2025
127,green,Rip,rgallear3i@wikimedia.org,33,12/14/2025
128,red,Selma,srentilll3j@hp.com,20,8/20/2026
129,yellow,Lorianne,ltodari3k@ted.com,56,3/4/2026
130,yellow,Dunn,daujean3l@nasa.gov,24,4/21/2026
131,"",Angele,aabbati3m@vk.com,44,12/28/2025
132,yellow,Tiphani,tlinney3n@joomla.org,44,5/10/2026
133,green,Lyn,lgorse3o@unblog.fr,62,7/13/2026
134,"",Drucie,,25,8/29/2026
135,yellow,Jo-anne,johearn3q@nba.com,30,1/19/2026
136,,Farr,fyouthed3r@deviantart.com,39,2/26/2026
137,"",Auberta,abrunel3s@mail.ru,76,9/20/2026
138,yellow,Helaina,hhedling3t@pcworld.com,52,7/10/2026
139,green,Letisha,lgahagan3u@joomla.org,38,11/17/2025
140,red,Garrett,gonge3v@cdc.gov,56,4/27/2026
141,green,Jakie,jpergens3w@ebay.com,40,3/6/2026
142,green,Ricki,rringer3x@w3.org,24,4/7/2026
143,yellow,Cloris,cphateplace3y@epa.gov,47,4/15/2026
144,"",Ginevra,goffa3z@dion.ne.jp,72,12/1/2025
145,blue,Pyotr,pbellenger40@acquirethisname.com,42,7/8/2026
146,blue,Lurline,lteissier41@tuttocitta.it,64,3/5/2026
147,red,Guenevere,gmalinson42@booking.com,79,6/18/2026
148,red,Allyson,aborzone43@icq.com,18,2/1/2026
149,red,Ricardo,rbeadel44@miitbeian.gov.cn,76,3/9/2026
150,,Quintilla,qlytlle45@vk.com,32,10/23/2025
151,yellow,Royall,rgrinishin46@about.com,58,12/18/2025
152,green,Aura,amitchelson47@unicef.org,29,9/30/2025
153,blue,Dugald,dbottrell48@bizjournals.com,50,12/22/2025
154,yellow,Melonie,msymcoxe49@japanpost.jp,49,10/4/2025
155,green,Ashla,averdun4a@freewebs.com,24,6/20/2026
156,green,,oforrestill4b@cdbaby.com,68,1/21/2026
157,blue,Nicoli,nelstow4c@blogger.com,59,8/2/2026
158,"",Robbert,ryegorchenkov4d@blogs.com,69,6/18/2026
159,yellow,,pmedgewick4e@amazon.de,27,7/10/2026
160,"",Stu,santat4f@admin.ch,32,5/16/2026
161,yellow,Dud,ddalesio4g@ted.com,77,1/2/2026
162,blue,Barnett,,72,12/17/2025
163,"",Rosaleen,rharwick4i@washington.edu,47,6/15/2026
164,green,Marleen,mcaldeyroux4j@comsenz.com,42,10/14/2025
165,"",Norine,ncalender4k@hao123.com,30,11/15/2025
166,"",Nananne,nskate4l@gravatar.com,75,7/16/2026
167,blue,Margery,mdyka4m@icio.us,73,1/20/2026
168,red,Melitta,mbraxton4n@boston.com,37,1/27/2026
169,"",Torrin,,23,4/5/2026
170,red,Reba,rplaice4p@intel.com,39,6/15/2026
171,"",Anabelle,agoodrich4q@illinois.edu,76,11/30/2025
172,blue,Dru,dplumstead4r@nhs.uk,39,5/11/2026
173,yellow,Patton,pchristoffels4s@goo.ne.jp,23,3/5/2026
174,green,Jyoti,jharrisson4t@a8.net,58,6/6/2026
175,yellow,Nadean,nelsie4u@vk.com,18,1/21/2026
176,red,Marrilee,moldred4v@ocn.ne.jp,75,7/14/2026
177,blue,Trever,tstovell4w@ycombinator.com,58,11/24/2025
178,green,Stormie,smorefield4x@google.com,57,5/15/2026
179,red,Nertie,nrominov4y@smh.com.au,18,8/15/2026
180,"",Sterne,steml4z@goo.gl,71,5/13/2026
181,green,Zacherie,,41,7/30/2026
182,"",Shurlocke,smoulden51@chronoengine.com,67,6/4/2026
183,"",,,76,11/2/2025
184,green,Mariya,,69,3/2/2026
185,green,Hashim,hlacotte54@baidu.com,45,10/23/2025
186,red,Nickolai,ngatehouse55@jigsy.com,45,7/22/2026
187,yellow,Indira,ikaines56@free.fr,66,8/8/2026
188,green,Micheal,mkettoe57@angelfire.com,34,8/7/2026
189,"",Bartlet,bcutajar58@histats.com,39,6/15/2026
190,red,Jasen,jcollman59@rambler.ru,73,4/30/2026
191,,Catina,cliggons5a@altervista.org,20,1/17/2026
192,blue,Feodor,fglassman5b@yellowbook.com,56,2/27/2026
193,red,Karel,kbalderstone5c@ed.gov,59,6/14/2026
194,blue,Maximilien,,73,3/16/2026
195,"",,chiseman5e@chronoengine.com,40,1/30/2026
196,blue,Shoshana,saharoni5f@feedburner.com,33,1/23/2026
197,yellow,Nan,nsaunton5g@infoseek.co.jp,23,2/11/2026
198,blue,Reynolds,raistrop5h@google.co.uk,18,6/25/2026
199,yellow,,amoodey5i@google.ca,22,7/22/2026
200,"",Myrle,mhigbin5j@craigslist.org,24,11/14/2025
